KEAG,ME,MESA Dubai,8209
KEAG,MF,Massey Ferguson,8209
,,,
TZAG,ME,MESA Dubai,8209
TZAG,MF,Massey Ferguson,8209
,,,
NGAG,AV,Ag Valtra,8209
NGAG,MF,Massey Ferguson,8209
,,,
UGAG,LC,LOCAL PURCHASES,8209
UGAG,ME,MESA Dubai,8209
UGAG,MF,Massey Ferguson,8209
,,,
UGEQ,KE,Komatsu,8209
UGEQ,WB,BENNINGHOVEN,8209
UGEQ,WC,Ciber,8209
UGEQ,WH,Hamm,8209
UGEQ,WK,Kleemann,8209
UGEQ,WV,Vogele,8209
UGEQ,WW,Wirtgen,8209
,,,
KEEQ,KE,Komatsu Europe,8209
KEEQ,KH,Hensley,8209
KEEQ,KM,KOMATSU,8209
KEEQ,ME,MESA Dubai,8209
KEEQ,PC,Pirtek Components,8209
KEEQ,PK,Pirtek Kits,8209
KEEQ,WB,BENNINGHOVEN,8209
KEEQ,WC,Ciber,8209
KEEQ,WH,Hamm,8209
KEEQ,WK,Kleemann,8209
KEEQ,WV,Vogele,8209
KEEQ,WW,Wirtgen,8209
,,,
SLEQ,KE,Komatsu,8209
SLEQ,KM,Komatsu,8209
SLEQ,KS,Komatsu Europe,8209
SLEQ,ME,Mesa Dubia,8209
,,,
NGEQ,KE,Komatsu Europe,8209
NGEQ,KM,Komatsu,8209
NGEQ,KV,KVX,8209
NGEQ,PC,Pirtek Components,8209
,,,
GHEQ,KE,Komatsu Europe,8209
GHEQ,KH,Hensley,8209
GHEQ,KM,Komatsu,8209
GHEQ,ME,MESA Dubai,8209
GHEQ,WH,Hamm,8209
GHEQ,WK,Kleeman,8209
GHEQ,WT,WATER DELIVERY,8209
GHEQ,WW,Wirtgen,8209
,,,
GHMS,KE,Komatsu,8209
GHMS,KH,Hensley,8209
GHMS,KM,Komatsu Mining Germany,8209
GHMS,KV,KVX,8209
GHMS,ME,MESA Dubai,8209
,,,
TZEQ,KE,Komatsu Europe,8209
TZEQ,KM,KOMATSU,8209
TZEQ,PC,Pirtek Component Parts,8209
TZEQ,PK,Pirtek Kit,8209
TZEQ,WB,BENNINGHOVEN,8209
TZEQ,WC,ciber,8209
TZEQ,WH,Hamm,8209
TZEQ,WK,Kleemann,8209
TZEQ,WV,Vogele,8209
TZEQ,WW,Wirtgen,8209
